序号,基金代码,基金简称,期间涨幅,期间分红(元/份),分红次数,起始日期,单位净值,累计净值,终止日期,单位净值,累计净值,成立日期,手续费
1,015107,百嘉百顺纯债债券,169.07%,0.6881,3,2022-03-04,1.0000,1.0000,2022-10-17,1.9942,2.6823,2022-03-04,0.00%
2,015106,百嘉百顺纯债债券,166.61%,0.6786,3,2022-03-04,1.0000,1.0000,2022-10-17,1.9787,2.6573,2022-03-04,0.08%
3,007189,南华价值启航纯债,145.46%,0.0400,1,2021-10-18,1.0238,1.0538,2022-10-17,2.4170,2.4870,2019-11-22,--
4,007190,南华价值启航纯债,144.79%,0.0400,1,2021-10-18,1.0398,1.0698,2022-10-17,2.4495,2.5195,2019-11-22,0.00%
5,519212,万家宏观择时多策,53.84%,---,0,2021-10-18,1.3697,1.3697,2022-10-17,2.1072,2.1072,2017-03-30,0.15%
6,008652,长城中债1-3年,51.58%,0.0760,1,2021-10-18,1.0159,1.0159,2022-10-17,1.4638,1.5398,2020-08-11,0.04%
7,008653,长城中债1-3年,51.58%,---,0,2021-10-18,1.0154,1.0154,2022-10-17,1.5391,1.5391,2020-08-11,0.00%
8,159985,华夏饲料豆粕期货,50.29%,---,0,2021-10-18,1.1870,1.1870,2022-10-17,1.7839,1.7839,2019-09-24,--
9,519191,万家新利灵活配置,47.82%,---,0,2021-10-18,1.1322,1.4948,2022-10-17,1.6736,2.0362,2014-01-24,0.06%
10,007937,华夏饲料豆粕期货,45.70%,---,0,2021-10-18,1.1547,1.1547,2022-10-17,1.6824,1.6824,2020-01-13,0.06%
11,004685,金元顺安元启灵活,45.39%,---,0,2021-10-18,2.2936,2.2936,2022-10-17,3.3347,3.3347,2017-11-14,0.15%
12,007938,华夏饲料豆粕期货,45.28%,---,0,2021-10-18,1.1485,1.1485,2022-10-17,1.6685,1.6685,2020-01-13,0.00%
13,005513,南华瑞恒中短债债,42.86%,0.2310,4,2021-10-18,1.0232,1.0232,2022-10-17,1.2299,1.4609,2019-01-29,0.04%
14,005514,南华瑞恒中短债债,42.51%,0.2310,4,2021-10-18,1.0254,1.0254,2022-10-17,1.2296,1.4606,2019-01-29,0.00%
15,519185,万家精选混合A,41.64%,---,0,2021-10-18,1.1245,2.3708,2022-10-17,1.5927,2.8390,2009-05-18,0.15%
16,970085,国联汇富债券C,39.66%,---,0,2021-10-29,1.0000,1.0000,2022-10-17,1.3966,1.3966,2021-10-29,--
17,012928,银华中证光伏ET,31.05%,---,0,2022-04-20,1.0000,1.0000,2022-10-17,1.3105,1.3105,2022-04-20,0.12%
18,012929,银华中证光伏ET,30.89%,---,0,2022-04-20,1.0000,1.0000,2022-10-17,1.3089,1.3089,2022-04-20,0.00%
19,014807,泰达宏利景气智选,27.93%,---,0,2022-03-29,1.0000,1.0000,2022-10-17,1.2793,1.2793,2022-03-29,0.15%
20,005851,财通新视野灵活配,27.74%,---,0,2021-10-18,1.5756,1.5756,2022-10-17,2.0127,2.0127,2018-06-25,0.15%
21,014808,泰达宏利景气智选,27.72%,---,0,2022-03-29,1.0000,1.0000,2022-10-17,1.2772,1.2772,2022-03-29,0.00%
22,501015,财通多策略升级混,27.62%,---,0,2021-10-18,0.9630,0.9630,2022-10-17,1.2290,1.2290,2016-03-09,0.15%
23,003406,南方多元定开债券,27.15%,0.2852,9,2021-10-18,1.2699,1.4034,2022-10-17,1.2587,1.6774,2016-09-29,0.08%
24,005959,财通新视野灵活配,26.74%,---,0,2021-10-18,1.5342,1.5342,2022-10-17,1.9444,1.9444,2018-06-25,0.00%
25,014263,鑫元长三角混合A,26.45%,---,0,2022-03-30,1.0000,1.0000,2022-10-17,1.2645,1.2645,2022-03-30,0.12%
26,014264,鑫元长三角混合C,26.17%,---,0,2022-03-30,1.0000,1.0000,2022-10-17,1.2617,1.2617,2022-03-30,0.00%
27,015566,万家精选混合C,25.03%,---,0,2022-04-25,1.2707,1.2707,2022-10-17,1.5887,1.5887,2022-04-25,0.00%
28,159618,华安中证光伏产业,25.00%,---,0,2022-04-08,1.0000,1.0000,2022-10-17,1.2500,1.2500,2022-04-08,--
29,014647,融通先进制造混合,23.49%,---,0,2022-02-22,1.0000,1.0000,2022-10-17,1.2349,1.2349,2022-02-22,0.15%
30,001678,英大国企改革主题,23.29%,0.3500,1,2021-10-18,1.6685,1.9685,2022-10-17,1.5794,2.2294,2018-11-22,0.15%
31,014648,融通先进制造混合,23.06%,---,0,2022-02-22,1.0000,1.0000,2022-10-17,1.2306,1.2306,2022-02-22,0.00%
32,013851,中信建投低碳成长,21.91%,---,0,2021-12-13,1.0000,1.0000,2022-10-17,1.2191,1.2191,2021-12-13,0.15%
33,013852,中信建投低碳成长,21.51%,---,0,2021-12-13,1.0000,1.0000,2022-10-17,1.2151,1.2151,2021-12-13,0.00%
34,014191,广发先进制造股票,21.30%,---,0,2022-03-01,1.0000,1.0000,2022-10-17,1.2130,1.2130,2022-03-01,0.15%
35,014192,广发先进制造股票,21.00%,---,0,2022-03-01,1.0000,1.0000,2022-10-17,1.2100,1.2100,2022-03-01,0.00%
36,015561,长城双动力混合C,20.52%,---,0,2022-04-15,1.2631,1.2631,2022-10-17,1.5223,1.5223,2022-04-15,0.00%
37,002910,易方达供给改革混,20.06%,---,0,2021-10-18,2.3404,2.3404,2022-10-17,2.8100,2.8100,2017-01-25,0.15%
38,014412,招商核心竞争力混,19.17%,---,0,2022-04-13,1.0000,1.0000,2022-10-17,1.1917,1.1917,2022-04-13,0.15%
39,519198,万家颐和灵活配置,18.82%,---,0,2021-10-18,1.4371,1.9371,2022-10-17,1.7076,2.2076,2016-06-23,0.15%
40,012963,招商稳健平衡混合,18.70%,---,0,2021-10-19,1.0000,1.0000,2022-10-17,1.1870,1.1870,2021-10-19,0.15%
41,014413,招商核心竞争力混,18.70%,---,0,2022-04-13,1.0000,1.0000,2022-10-17,1.1870,1.1870,2022-04-13,0.00%
42,002938,中银证券健康产业,18.21%,---,0,2021-10-18,1.9874,1.9874,2022-10-17,2.3494,2.3494,2016-09-07,0.15%
43,014967,建信潜力新蓝筹股,18.14%,---,0,2022-01-25,3.2420,3.2420,2022-10-17,3.8300,3.8300,2022-01-25,0.00%
44,012964,招商稳健平衡混合,17.88%,---,0,2021-10-19,1.0000,1.0000,2022-10-17,1.1788,1.1788,2021-10-19,0.00%
45,001437,易方达瑞享混合I,17.83%,---,0,2021-10-18,2.5520,2.5520,2022-10-17,3.0070,3.0070,2015-06-26,0.06%
46,001438,易方达瑞享混合E,17.62%,---,0,2021-10-18,2.0830,2.0830,2022-10-17,2.4500,2.4500,2015-06-26,0.00%
47,159930,汇添富中证能源E,17.09%,---,0,2021-10-18,1.0264,1.0264,2022-10-17,1.2018,1.2018,2013-08-23,--
48,015665,银河和美生活混合,17.06%,---,0,2022-05-16,1.6585,1.6585,2022-10-17,1.9414,1.9414,2022-05-16,0.00%
49,014948,融通新能源灵活配,16.98%,---,0,2022-03-25,2.4030,2.4030,2022-10-17,2.8110,2.8110,2022-03-25,0.00%
50,014834,汇添富盈鑫混合D,16.73%,---,0,2022-01-17,1.8350,1.8350,2022-10-17,2.1420,2.1420,2022-01-17,--
51,014902,长城新能源股票发,16.65%,---,0,2022-01-19,1.0000,1.0000,2022-10-17,1.1665,1.1665,2022-01-19,0.15%
52,014833,汇添富盈鑫混合C,16.51%,---,0,2022-01-17,1.8350,1.8350,2022-10-17,2.1380,2.1380,2022-01-17,0.00%
53,010509,中银彭博政策性银,16.28%,0.0100,1,2021-10-18,1.0098,1.0123,2022-10-17,1.1627,1.1752,2021-03-11,0.05%
54,014903,长城新能源股票发,16.15%,---,0,2022-01-19,1.0000,1.0000,2022-10-17,1.1615,1.1615,2022-01-19,0.00%
55,014990,华安幸福生活混合,16.15%,---,0,2022-05-10,2.1270,2.1270,2022-10-17,2.4705,2.4705,2022-05-10,0.00%
56,000756,建信潜力新蓝筹股,16.00%,---,0,2021-10-18,3.3120,3.3120,2022-10-17,3.8420,3.8420,2014-09-10,0.15%
57,006195,国金量化多因子股,15.95%,---,0,2021-10-18,1.5478,1.5478,2022-10-17,1.7947,1.7947,2018-10-31,0.15%
58,015710,华夏高端装备龙头,15.79%,---,0,2022-05-25,1.0000,1.0000,2022-10-17,1.1579,1.1579,2022-05-25,0.15%
59,003175,华泰柏瑞多策略混,15.70%,---,0,2021-10-18,1.7946,1.7946,2022-10-17,2.0764,2.0764,2016-09-29,0.15%
60,008422,中融研发创新混合,15.70%,---,0,2021-12-28,1.0000,1.0000,2022-10-17,1.1570,1.1570,2021-12-28,0.15%
61,001743,诺安优选回报混合,15.68%,---,0,2021-10-18,1.5310,1.7810,2022-10-17,1.7710,2.0210,2016-09-22,0.15%
62,015773,招商移动互联网产,15.63%,---,0,2022-05-13,1.1981,1.1981,2022-10-17,1.3854,1.3854,2022-05-13,0.00%
63,015711,华夏高端装备龙头,15.62%,---,0,2022-05-25,1.0000,1.0000,2022-10-17,1.1562,1.1562,2022-05-25,0.00%
64,004475,华泰柏瑞富利混合,15.59%,---,0,2021-10-18,1.6248,1.6248,2022-10-17,1.8781,1.8781,2017-09-12,0.15%
65,008423,中融研发创新混合,15.24%,---,0,2021-12-28,1.0000,1.0000,2022-10-17,1.1524,1.1524,2021-12-28,0.00%
66,014805,国金量化精选混合,15.22%,---,0,2022-03-18,1.0000,1.0000,2022-10-17,1.1522,1.1522,2022-03-18,0.15%
67,015594,国泰区位优势混合,15.17%,---,0,2022-05-16,3.5725,3.5725,2022-10-17,4.1146,4.1146,2022-05-16,0.00%
68,014574,鑫元清洁能源混合,15.06%,---,0,2022-01-26,1.0000,1.0000,2022-10-17,1.1506,1.1506,2022-01-26,0.12%
69,008952,中信建投桂企债A,15.01%,0.0400,1,2021-10-18,1.0129,1.0349,2022-10-17,1.1249,1.1869,2020-06-04,0.08%
70,014806,国金量化精选混合,14.89%,---,0,2022-03-18,1.0000,1.0000,2022-10-17,1.1489,1.1489,2022-03-18,0.00%
71,014575,鑫元清洁能源混合,14.75%,---,0,2022-01-26,1.0000,1.0000,2022-10-17,1.1475,1.1475,2022-01-26,0.00%
72,008953,中信建投桂企债C,14.74%,0.0350,1,2021-10-18,1.0053,1.0253,2022-10-17,1.1185,1.1735,2020-06-04,0.00%
73,160921,大成多策略混合(,14.64%,---,0,2021-10-18,1.2500,1.6070,2022-10-17,1.4330,1.7900,2016-08-19,0.15%
74,014414,招商中证畜牧养殖,14.54%,---,0,2022-04-19,1.0000,1.0000,2022-10-17,1.1454,1.1454,2022-04-19,0.12%
75,014736,创金合信专精特新,14.26%,---,0,2022-01-26,1.0000,1.0000,2022-10-17,1.1426,1.1426,2022-01-26,0.15%
76,014415,招商中证畜牧养殖,14.21%,---,0,2022-04-19,1.0000,1.0000,2022-10-17,1.1421,1.1421,2022-04-19,0.00%
77,014737,创金合信专精特新,13.85%,---,0,2022-01-26,1.0000,1.0000,2022-10-17,1.1385,1.1385,2022-01-26,0.00%
78,015208,信澳健康中国混合,13.45%,---,0,2022-03-03,2.1340,2.1340,2022-10-17,2.4210,2.4210,2022-03-03,0.00%
79,010084,蜂巢丰瑞债券A,13.43%,0.4270,6,2021-10-18,1.4655,1.4655,2022-10-17,1.2286,1.6556,2021-04-29,0.06%
80,015685,鹏华中证环保产业,13.40%,---,0,2022-05-10,1.0000,1.0000,2022-10-17,1.1340,1.1340,2022-05-10,0.00%
81,162717,广发再融资主题(,13.28%,---,0,2021-10-18,1.4564,1.4564,2022-10-17,1.6498,1.6498,2016-12-19,0.15%
82,008893,创金合信鑫利混合,13.27%,---,0,2021-10-18,1.1679,1.1679,2022-10-17,1.3229,1.3229,2020-01-17,0.12%
83,010085,蜂巢丰瑞债券C,13.27%,0.3800,6,2021-10-18,1.4011,1.4011,2022-10-17,1.2013,1.5813,2021-04-29,0.00%
84,013711,广发再融资主题(,13.21%,---,0,2021-10-18,1.4564,1.4564,2022-10-17,1.6488,1.6488,2021-09-23,0.00%
85,008894,创金合信鑫利混合,13.07%,---,0,2021-10-18,1.1600,1.1600,2022-10-17,1.3116,1.3116,2020-01-17,0.00%
86,014350,华商卓越成长一年,12.80%,---,0,2022-03-01,1.0000,1.0000,2022-10-17,1.1280,1.1280,2022-03-01,--
87,015450,华泰柏瑞多策略混,12.54%,---,0,2022-03-23,1.8420,1.8420,2022-10-17,2.0729,2.0729,2022-03-23,0.00%
88,519519,华泰柏瑞稳本增利,12.50%,0.0663,1,2021-10-18,1.0545,1.5803,2022-10-17,1.1126,1.7047,2006-04-13,0.08%
89,014351,华商卓越成长一年,12.37%,---,0,2022-03-01,1.0000,1.0000,2022-10-17,1.1237,1.1237,2022-03-01,0.00%
90,460003,华泰柏瑞稳本增利,12.16%,0.0603,1,2021-10-18,1.0463,1.5304,2022-10-17,1.1066,1.6510,2007-12-03,0.00%
91,000729,建信中小盘先锋股,12.11%,---,0,2021-10-18,3.7320,3.7320,2022-10-17,4.1840,4.1840,2014-08-20,0.15%
92,002420,汇添富盈鑫混合A,12.02%,---,0,2021-10-18,1.9140,1.9140,2022-10-17,2.1440,2.1440,2016-03-11,0.12%
93,161032,富国中证煤炭指数,11.98%,---,0,2021-10-18,1.8440,1.2850,2022-10-17,2.0650,1.4390,2015-06-19,0.00%
94,011229,创金合信数字经济,11.98%,---,0,2021-10-18,1.3716,1.3716,2022-10-17,1.5359,1.5359,2021-01-20,0.15%
95,008279,国泰中证煤炭ET,11.94%,0.3000,1,2021-10-18,2.2532,2.2532,2022-10-17,2.1287,2.4287,2020-01-16,0.10%
96,013502,易方达中证内地低,11.89%,---,0,2022-04-07,1.0000,1.0000,2022-10-17,1.1189,1.1189,2022-04-07,0.12%
97,015059,华夏产业升级混合,11.83%,---,0,2022-02-22,1.9069,1.9069,2022-10-17,2.1325,2.1325,2022-02-22,0.00%
98,016062,大成多策略混合(,11.81%,---,0,2022-06-23,1.2790,1.2790,2022-10-17,1.4300,1.4300,2022-06-23,0.00%
99,013275,富国中证煤炭指数,11.71%,---,0,2021-10-18,1.8440,1.8440,2022-10-17,2.0600,2.0600,2021-08-19,0.00%
100,014327,格林新兴产业混合,11.64%,---,0,2022-03-08,1.0000,1.0000,2022-10-17,1.1164,1.1164,2022-03-08,0.15%
101,013503,易方达中证内地低,11.62%,---,0,2022-04-07,1.0000,1.0000,2022-10-17,1.1162,1.1162,2022-04-07,0.00%
102,008280,国泰中证煤炭ET,11.60%,0.3000,1,2021-10-18,2.2419,2.2419,2022-10-17,2.1095,2.4095,2020-01-16,0.00%
103,168204,中融中证煤炭指数,11.55%,---,0,2021-10-18,1.7150,1.7150,2022-10-17,1.9130,1.9130,2015-06-25,0.00%
104,015633,中金景气驱动混合,11.53%,---,0,2022-05-05,1.0000,1.0000,2022-10-17,1.1153,1.1153,2022-05-05,0.15%
105,011230,创金合信数字经济,11.42%,---,0,2021-10-18,1.3665,1.3665,2022-10-17,1.5226,1.5226,2021-01-20,0.00%
106,013788,华泰柏瑞信用增利,11.38%,---,0,2021-10-18,1.2407,1.2407,2022-10-17,1.3819,1.3819,2021-10-11,0.00%
107,014913,博时研究回报混合,11.36%,---,0,2022-03-15,1.0000,1.0000,2022-10-17,1.1136,1.1136,2022-03-15,0.15%
108,164606,华泰柏瑞信用增利,11.35%,---,0,2021-10-18,1.2404,1.4339,2022-10-17,1.3812,1.5747,2011-09-22,0.08%
109,015200,创金合信动态平衡,11.31%,---,0,2022-05-06,1.0000,1.0000,2022-10-17,1.1131,1.1131,2022-05-06,0.15%
110,470021,汇添富优选回报灵,11.31%,---,0,2021-10-18,2.1670,2.1670,2022-10-17,2.4120,2.4120,2013-01-24,0.15%
111,014328,格林新兴产业混合,11.28%,---,0,2022-03-08,1.0000,1.0000,2022-10-17,1.1128,1.1128,2022-03-08,0.00%
112,007781,天弘弘新混合发起,11.24%,---,0,2021-10-18,1.2098,1.2098,2022-10-17,1.3458,1.3458,2019-08-21,0.10%
113,014508,汇添富先进制造混,11.14%,---,0,2022-03-02,1.0000,1.0000,2022-10-17,1.1114,1.1114,2022-03-02,0.15%
114,014854,嘉实中证半导体指,11.14%,---,0,2022-04-22,1.0000,1.0000,2022-10-17,1.1114,1.1114,2022-04-22,0.10%
115,015634,中金景气驱动混合,11.13%,---,0,2022-05-05,1.0000,1.0000,2022-10-17,1.1113,1.1113,2022-05-05,0.00%
116,014472,景顺长城远见成长,11.07%,---,0,2022-01-25,1.0000,1.0000,2022-10-17,1.1107,1.1107,2022-01-25,0.15%
117,015201,创金合信动态平衡,11.07%,---,0,2022-05-06,1.0000,1.0000,2022-10-17,1.1107,1.1107,2022-05-06,0.00%
118,015850,农银行业轮动混合,11.02%,---,0,2022-05-26,6.3622,6.3622,2022-10-17,7.0633,7.0633,2022-05-26,0.00%
119,014855,嘉实中证半导体指,11.01%,---,0,2022-04-22,1.0000,1.0000,2022-10-17,1.1101,1.1101,2022-04-22,0.00%
120,015722,长城中小盘成长混,11.00%,---,0,2022-05-13,2.7200,2.7200,2022-10-17,3.0193,3.0193,2022-05-13,0.00%
121,014914,博时研究回报混合,10.98%,---,0,2022-03-15,1.0000,1.0000,2022-10-17,1.1098,1.1098,2022-03-15,0.00%
122,015592,国泰事件驱动策略,10.98%,---,0,2022-05-20,4.8594,4.8594,2022-10-17,5.3928,5.3928,2022-05-20,0.00%
123,013871,招商能源转型混合,10.97%,---,0,2022-02-08,1.0000,1.0000,2022-10-17,1.1097,1.1097,2022-02-08,0.15%
124,014509,汇添富先进制造混,10.89%,---,0,2022-03-02,1.0000,1.0000,2022-10-17,1.1089,1.1089,2022-03-02,0.00%
125,015945,易方达国防军工混,10.84%,---,0,2022-06-21,1.7620,1.7620,2022-10-17,1.9530,1.9530,2022-06-21,0.00%
126,000772,景顺长城中国回报,10.83%,---,0,2021-10-18,1.8650,1.8650,2022-10-17,2.0670,2.0670,2014-11-06,0.15%
127,002418,汇添富优选回报灵,10.78%,---,0,2021-10-18,2.1530,2.1530,2022-10-17,2.3850,2.3850,2016-02-03,0.00%
128,015385,华商智能生活灵活,10.75%,---,0,2022-03-18,2.5960,2.5960,2022-10-17,2.8750,2.8750,2022-03-18,0.00%
129,515220,国泰中证煤炭ET,10.74%,0.0800,1,2021-10-18,2.3573,2.3573,2022-10-17,2.5099,2.5899,2020-01-20,--
130,002342,融通增益债券A/,10.70%,---,0,2021-10-18,1.1120,1.2120,2022-10-17,1.2310,1.3310,2016-05-11,--
131,014972,华安沪港深外延增,10.67%,---,0,2022-05-10,3.4490,3.4490,2022-10-17,3.8170,3.8170,2022-05-10,0.00%
132,014597,华泰柏瑞富利混合,10.65%,---,0,2021-12-22,1.6866,1.6866,2022-10-17,1.8662,1.8662,2021-12-22,0.00%
133,014473,景顺长城远见成长,10.59%,---,0,2022-01-25,1.0000,1.0000,2022-10-17,1.1059,1.1059,2022-01-25,0.00%
134,516670,招商中证畜牧养殖,10.54%,---,0,2021-10-18,0.8303,0.8303,2022-10-17,0.9178,0.9178,2021-03-18,--
135,015068,华夏圆和混合C,10.52%,---,0,2022-02-22,1.0746,1.0746,2022-10-17,1.1877,1.1877,2022-02-22,0.00%
136,002319,大成一带一路灵活,10.37%,---,0,2021-10-18,2.0630,2.1430,2022-10-17,2.2770,2.3570,2017-06-02,0.15%
137,013872,招商能源转型混合,10.37%,---,0,2022-02-08,1.0000,1.0000,2022-10-17,1.1037,1.1037,2022-02-08,0.00%
138,008731,招商添浩纯债A,10.36%,---,0,2021-10-18,0.9900,0.9900,2022-10-17,1.0926,1.0926,2020-09-10,0.08%
139,015687,银华乐享混合C,10.35%,---,0,2022-05-16,0.8348,0.8348,2022-10-17,0.9212,0.9212,2022-05-16,0.00%
140,002344,融通增益债券C,10.29%,---,0,2021-10-18,1.1560,1.1560,2022-10-17,1.2750,1.2750,2016-05-11,--
141,013575,鹏扬品质精选混合,10.29%,---,0,2022-03-25,1.0000,1.0000,2022-10-17,1.1029,1.1029,2022-03-25,0.15%
142,000743,红塔红土盛世普益,10.19%,---,0,2021-10-18,1.0814,1.7894,2022-10-17,1.1916,1.8996,2014-09-18,0.08%
143,008732,招商添浩纯债C,10.11%,---,0,2021-10-18,0.9953,0.9953,2022-10-17,1.0959,1.0959,2020-09-10,0.00%
144,159645,富国国证疫苗与生,9.96%,---,0,2022-09-16,0.9982,0.9982,2022-10-17,1.0976,1.0976,2022-09-16,--
145,013576,鹏扬品质精选混合,9.90%,---,0,2022-03-25,1.0000,1.0000,2022-10-17,1.0990,1.0990,2022-03-25,0.00%
146,013842,银华新锐成长混合,9.83%,---,0,2022-03-31,1.0000,1.0000,2022-10-17,1.0983,1.0983,2022-03-31,0.15%
147,159867,鹏华中证畜牧养殖,9.81%,---,0,2021-10-18,0.7815,0.7815,2022-10-17,0.8582,0.8582,2021-02-25,--
148,040022,华安可转债债券A,9.72%,---,0,2021-10-18,1.6560,1.6560,2022-10-17,1.8170,1.8170,2011-06-22,0.08%
149,015391,上银新能源产业精,9.72%,---,0,2022-04-20,1.0000,1.0000,2022-10-17,1.0972,1.0972,2022-04-20,0.15%
150,009499,景顺长城安鑫回报,9.72%,---,0,2021-10-18,1.0529,1.0529,2022-10-17,1.1552,1.1552,2020-07-10,0.08%
151,015436,建信优化配置混合,9.63%,---,0,2022-03-21,1.5232,1.5232,2022-10-17,1.6699,1.6699,2022-03-21,0.00%
152,014038,交银启诚混合A,9.56%,---,0,2021-12-08,1.0000,1.0000,2022-10-17,1.0956,1.0956,2021-12-08,0.15%
153,159625,嘉实国证绿色电力,9.51%,---,0,2022-04-21,1.0000,1.0000,2022-10-17,1.0951,1.0951,2022-04-21,--
154,008690,平安增利六个月定,9.43%,---,0,2021-10-18,1.0666,1.0666,2022-10-17,1.1672,1.1672,2020-03-05,0.04%
155,002776,招商安荣混合A,9.42%,0.0532,1,2021-10-18,1.4265,1.4265,2022-10-17,1.5022,1.5554,2016-07-15,0.15%
156,015392,上银新能源产业精,9.41%,---,0,2022-04-20,1.0000,1.0000,2022-10-17,1.0941,1.0941,2022-04-20,0.00%
157,013843,银华新锐成长混合,9.35%,---,0,2022-03-31,1.0000,1.0000,2022-10-17,1.0935,1.0935,2022-03-31,0.00%
158,014611,富国核心科技12,9.31%,---,0,2022-01-28,1.0000,1.0000,2022-10-17,1.0931,1.0931,2022-01-28,0.15%
159,004222,金信民旺债券A,9.31%,---,0,2021-10-18,1.1451,1.1451,2022-10-17,1.2517,1.2517,2017-12-04,0.08%
160,040023,华安可转债债券B,9.30%,---,0,2021-10-18,1.5920,1.5920,2022-10-17,1.7400,1.7400,2011-06-22,0.00%
161,009755,景顺长城安鑫回报,9.28%,---,0,2021-10-18,1.0475,1.0475,2022-10-17,1.1447,1.1447,2020-07-10,0.00%
162,008809,安信民稳增长混合,9.23%,0.0110,1,2021-10-18,1.1865,1.2165,2022-10-17,1.2853,1.3263,2020-01-14,0.08%
163,015030,博时远见回报混合,9.19%,---,0,2022-03-01,1.0000,1.0000,2022-10-17,1.0919,1.0919,2022-03-01,0.15%
164,006559,永赢通益债券C,9.18%,0.1002,4,2021-10-18,1.0984,1.1503,2022-10-17,1.0948,1.2469,2018-11-22,--
165,013759,招商精选平衡混合,9.14%,---,0,2022-03-07,1.0000,1.0000,2022-10-17,1.0914,1.0914,2022-03-07,0.15%
166,350002,天治低碳经济混合,9.12%,---,0,2021-10-18,1.0631,3.5881,2022-10-17,1.1601,3.6851,2005-01-12,0.15%
167,014016,中信建投品质优选,9.11%,---,0,2022-03-28,1.0000,1.0000,2022-10-17,1.0911,1.0911,2022-03-28,0.15%
168,015686,富国新兴产业股票,9.09%,---,0,2022-06-16,1.7610,1.7610,2022-10-17,1.9210,1.9210,2022-06-16,0.00%
169,001892,长盛新兴成长混合,9.05%,---,0,2021-10-18,1.8460,1.8460,2022-10-17,2.0130,2.0130,2015-11-06,0.15%
170,014014,招商臻选平衡混合,9.03%,---,0,2022-01-05,1.0000,1.0000,2022-10-17,1.0903,1.0903,2022-01-05,0.15%
171,008692,平安增利六个月定,8.99%,---,0,2021-10-18,1.0596,1.0596,2022-10-17,1.1549,1.1549,2020-03-05,0.00%
172,008691,平安增利六个月定,8.99%,---,0,2021-10-18,1.0596,1.0596,2022-10-17,1.1549,1.1549,2020-03-05,0.00%
173,005717,兴业机遇债券A,8.98%,---,0,2021-10-18,1.2663,1.3363,2022-10-17,1.3800,1.4500,2018-11-13,0.08%
174,004224,南方军工改革灵活,8.94%,---,0,2021-10-18,1.5194,1.5194,2022-10-17,1.6553,1.6553,2017-03-08,0.15%
175,004402,金信民旺债券C,8.89%,---,0,2021-10-18,1.1226,1.1226,2022-10-17,1.2224,1.2224,2017-12-04,0.00%
176,014017,中信建投品质优选,8.87%,---,0,2022-03-28,1.0000,1.0000,2022-10-17,1.0887,1.0887,2022-03-28,0.00%
177,014612,富国核心科技12,8.84%,---,0,2022-01-28,1.0000,1.0000,2022-10-17,1.0884,1.0884,2022-01-28,0.00%
178,516760,平安中证畜牧养殖,8.83%,---,0,2021-10-18,0.8300,0.8300,2022-10-17,0.9033,0.9033,2021-03-04,--
179,217002,招商安泰平衡混合,8.83%,0.0544,1,2021-10-18,1.5296,3.6333,2022-10-17,1.6074,3.7655,2003-04-28,0.15%
180,014039,交银启诚混合C,8.82%,---,0,2021-12-08,1.0000,1.0000,2022-10-17,1.0882,1.0882,2021-12-08,0.00%
181,015576,泰达宏利绩优混合,8.82%,---,0,2022-06-10,1.7196,1.7196,2022-10-17,1.8712,1.8712,2022-06-10,0.00%
182,015245,南华丰汇混合,8.80%,---,0,2022-02-28,1.0000,1.0000,2022-10-17,1.0880,1.0880,2022-02-28,0.12%
183,008810,安信民稳增长混合,8.79%,0.0110,1,2021-10-18,1.1780,1.2080,2022-10-17,1.2709,1.3119,2020-01-14,0.00%
184,015031,博时远见回报混合,8.77%,---,0,2022-03-01,1.0000,1.0000,2022-10-17,1.0877,1.0877,2022-03-01,0.00%
185,162607,景顺长城资源垄断,8.76%,0.0400,1,2021-10-18,0.5580,3.3460,2022-10-17,0.5660,3.3940,2006-01-26,0.15%
186,013760,招商精选平衡混合,8.66%,---,0,2022-03-07,1.0000,1.0000,2022-10-17,1.0866,1.0866,2022-03-07,0.00%
187,159865,国泰中证畜牧养殖,8.65%,---,0,2021-10-18,0.7945,0.7945,2022-10-17,0.8632,0.8632,2021-03-01,--
188,000535,长盛航天海工装备,8.63%,---,0,2021-10-18,1.7500,2.2940,2022-10-17,1.9010,2.4450,2014-03-11,0.15%
189,009465,东方可转债债券A,8.63%,0.0450,1,2021-10-18,1.0380,1.0380,2022-10-17,1.0806,1.1256,2021-03-04,0.08%
190,014604,嘉实中证光伏产业,8.60%,---,0,2022-01-25,1.0000,1.0000,2022-10-17,1.0860,1.0860,2022-01-25,0.10%
191,015585,国泰优势行业混合,8.59%,---,0,2022-05-17,1.9108,1.9108,2022-10-17,2.0749,2.0749,2022-05-17,0.00%
192,009582,国寿中债3-5年,8.58%,0.0300,3,2021-10-18,1.0246,1.0276,2022-10-17,1.0815,1.1145,2020-12-11,0.00%
193,001427,招商丰泽混合A,8.57%,---,0,2021-10-18,1.5630,1.5630,2022-10-17,1.6970,1.6970,2015-06-11,0.15%
194,002777,招商安荣混合C,8.54%,0.0508,1,2021-10-18,1.3674,1.3674,2022-10-17,1.4284,1.4792,2016-07-15,0.00%
195,008222,兴业机遇债券C,8.54%,---,0,2021-10-18,1.2958,1.3358,2022-10-17,1.4065,1.4465,2019-11-18,0.00%
196,011148,南方军工改革灵活,8.51%,---,0,2021-10-18,1.5151,1.5151,2022-10-17,1.6441,1.6441,2021-01-15,0.00%
197,004888,财通资管鑫逸混合,8.50%,---,0,2021-10-18,1.3830,1.3830,2022-10-17,1.5006,1.5006,2017-08-30,0.12%
198,006147,宝盈融源可转债债,8.47%,---,0,2021-10-18,1.1955,1.1955,2022-10-17,1.2968,1.2968,2019-09-04,0.08%
199,005505,前海开源中药股票,8.46%,---,0,2021-10-18,1.9247,1.9247,2022-10-17,2.0875,2.0875,2018-03-21,0.15%
200,014015,招商臻选平衡混合,8.43%,---,0,2022-01-05,1.0000,1.0000,2022-10-17,1.0843,1.0843,2022-01-05,0.00%
201,014605,嘉实中证光伏产业,8.41%,---,0,2022-01-25,1.0000,1.0000,2022-10-17,1.0841,1.0841,2022-01-25,0.00%
202,003697,华夏睿磐泰盛混合,8.34%,---,0,2021-10-18,1.2102,1.2102,2022-10-17,1.3111,1.3111,2017-03-15,0.06%
203,015211,招商安鼎平衡1年,8.31%,---,0,2022-03-21,1.0000,1.0000,2022-10-17,1.0831,1.0831,2022-03-21,0.12%
204,016073,创金合信软件产业,8.30%,---,0,2022-09-29,1.0000,1.0000,2022-10-17,1.0830,1.0830,2022-09-29,0.15%
205,004889,财通资管鑫逸混合,8.28%,---,0,2021-10-18,1.3707,1.3707,2022-10-17,1.4842,1.4842,2017-08-30,0.12%
206,016074,创金合信软件产业,8.27%,---,0,2022-09-29,1.0000,1.0000,2022-10-17,1.0827,1.0827,2022-09-29,0.00%
207,159945,广发中证全指能源,8.22%,---,0,2021-10-18,0.9575,0.9575,2022-10-17,1.0362,1.0362,2015-06-25,--
208,009466,东方可转债债券C,8.19%,0.0400,1,2021-10-18,1.0354,1.0354,2022-10-17,1.0786,1.1186,2021-03-04,0.00%
209,005506,前海开源中药股票,8.19%,---,0,2021-10-18,1.9130,1.9130,2022-10-17,2.0696,2.0696,2018-03-21,0.00%
210,002820,招商丰美混合C,8.17%,0.1280,2,2021-10-18,1.3570,1.5020,2022-10-17,1.3350,1.6080,2016-11-10,0.15%
211,006148,宝盈融源可转债债,8.15%,---,0,2021-10-18,1.1879,1.1879,2022-10-17,1.2847,1.2847,2019-09-04,0.00%
212,001832,易方达瑞恒灵活配,8.12%,---,0,2021-10-18,2.3880,2.3880,2022-10-17,2.5820,2.5820,2018-01-10,0.06%
213,006889,平安惠鸿纯债债券,8.11%,0.0330,1,2021-10-18,1.0373,1.0743,2022-10-17,1.0858,1.1558,2019-01-31,0.08%
214,519702,交银趋势混合A,8.10%,0.2830,1,2021-10-18,4.3245,4.8245,2022-10-17,4.3968,5.1798,2010-12-22,0.15%
215,004366,博时汇享纯债债券,8.02%,---,0,2021-10-18,1.0220,1.1153,2022-10-17,1.1040,1.1973,2017-02-28,0.08%
216,002819,招商丰美混合A,8.02%,0.1270,2,2021-10-18,1.3560,1.5120,2022-10-17,1.3330,1.6160,2016-11-10,0.15%
217,001446,招商丰泽混合C,8.02%,---,0,2021-10-18,1.5340,1.5340,2022-10-17,1.6570,1.6570,2015-06-11,0.15%
218,519019,大成景阳领先混合,8.00%,0.2259,1,2021-10-18,1.0720,4.7370,2022-10-17,0.9060,4.7970,2007-12-11,0.15%
219,012724,国泰中证畜牧养殖,7.98%,---,0,2021-10-18,0.9703,0.9703,2022-10-17,1.0477,1.0477,2021-07-02,0.10%
220,012413,建信睿怡纯债C,7.97%,0.1470,3,2021-10-18,1.1388,1.1388,2022-10-17,1.0785,1.2255,2021-05-21,--
221,161614,融通四季添利债券,7.93%,0.0600,3,2021-10-18,1.0470,1.5050,2022-10-17,1.0680,1.5860,2012-03-01,0.08%
222,012431,国投瑞银安泰混合,7.91%,---,0,2022-01-25,1.0000,1.0000,2022-10-17,1.0791,1.0791,2022-01-25,0.10%
223,015599,国泰国证航天军工,7.88%,---,0,2022-05-19,1.1976,1.1976,2022-10-17,1.2920,1.2920,2022-05-19,0.00%
224,015212,招商安鼎平衡1年,7.87%,---,0,2022-03-21,1.0000,1.0000,2022-10-17,1.0787,1.0787,2022-03-21,0.00%
225,000991,工银战略转型股票,7.87%,---,0,2021-10-18,3.5600,3.5600,2022-10-17,3.8400,3.8400,2015-02-16,0.15%
226,501059,西部利得国企红利,7.84%,0.0960,1,2021-10-18,1.9135,1.9135,2022-10-17,1.9698,2.0658,2018-07-11,0.12%
227,012432,国投瑞银安泰混合,7.84%,---,0,2022-01-25,1.0000,1.0000,2022-10-17,1.0784,1.0784,2022-01-25,0.00%
228,090019,大成景恒混合A,7.80%,---,0,2021-10-18,1.8840,2.5220,2022-10-17,2.0310,2.7190,2012-06-15,0.15%
229,015396,南方潜力新蓝筹混,7.79%,0.1241,1,2022-03-16,2.3775,2.3775,2022-10-17,2.3802,2.5043,2022-03-16,0.00%
230,001744,诺安进取回报混合,7.77%,---,0,2021-10-18,1.0170,1.0450,2022-10-17,1.0960,1.1240,2016-09-27,0.15%
231,015254,申万菱信消费增长,7.75%,---,0,2022-03-03,1.5480,1.5480,2022-10-17,1.6680,1.6680,2022-03-03,0.00%
232,210002,金鹰红利价值混合,7.69%,---,0,2021-10-18,1.7701,2.9681,2022-10-17,1.9063,3.1043,2008-12-04,0.15%
233,012725,国泰中证畜牧养殖,7.65%,---,0,2021-10-18,0.9695,0.9695,2022-10-17,1.0437,1.0437,2021-07-02,0.00%
234,007229,华安中债7-10,7.63%,0.0610,1,2021-10-18,1.6091,1.7291,2022-10-17,1.6707,1.8517,2019-11-13,--
235,010092,永赢华嘉信用债A,7.62%,---,0,2021-10-18,1.0382,1.0382,2022-10-17,1.1173,1.1173,2021-04-20,0.08%
236,000314,招商瑞丰灵活配置,7.61%,---,0,2021-10-18,1.7600,1.9730,2022-10-17,1.8940,2.1070,2013-11-06,0.15%
237,164403,前海开源沪港深农,7.60%,---,0,2021-10-18,1.4510,1.4710,2022-10-17,1.5613,1.5808,2015-06-04,0.15%
238,004367,博时汇享纯债债券,7.59%,---,0,2021-10-18,1.0161,1.1178,2022-10-17,1.0932,1.1949,2017-02-28,0.00%
239,002662,前海开源沪港深大,7.52%,---,0,2021-10-18,1.8740,1.8740,2022-10-17,2.0150,2.0150,2016-09-29,0.15%
240,009439,西部利得国企红利,7.52%,0.0960,1,2021-10-18,1.8759,1.8759,2022-10-17,1.9233,2.0193,2020-05-08,0.00%
241,015683,景顺长城科技创新,7.52%,---,0,2022-04-29,1.3042,1.3042,2022-10-17,1.4023,1.4023,2022-04-29,0.00%
242,006549,国金惠盈纯债A,7.52%,---,0,2021-10-18,1.0612,1.0982,2022-10-17,1.1410,1.1780,2019-04-03,0.06%
243,013594,南方7-10年国,7.50%,---,0,2021-10-18,1.1183,1.1183,2022-10-17,1.2022,1.2022,2021-09-16,--
244,014478,中加低碳经济六个,7.48%,---,0,2022-03-22,1.0000,1.0000,2022-10-17,1.0748,1.0748,2022-03-22,0.15%
245,530017,建信双息红利债券,7.48%,0.0680,2,2021-10-18,1.1120,1.7610,2022-10-17,1.1250,1.8420,2011-12-13,0.08%
246,013430,交银趋势混合C,7.47%,0.2830,1,2021-10-18,4.3218,4.3218,2022-10-17,4.3677,4.6507,2021-08-27,0.00%
247,000346,建信安心回报6个,7.46%,0.0600,2,2021-10-18,1.0127,1.4252,2022-10-17,1.0268,1.4993,2013-11-05,0.06%
248,003298,嘉实物流产业股票,7.46%,---,0,2021-10-18,2.4140,2.4140,2022-10-17,2.5940,2.5940,2016-12-29,0.15%
249,360008,光大增利收益债券,7.45%,0.2210,1,2021-10-18,1.3610,1.6620,2022-10-17,1.2320,1.7540,2008-10-29,0.10%
250,005161,华商上游产业股票,7.44%,---,0,2021-10-18,2.0631,2.0631,2022-10-17,2.2165,2.2165,2017-12-27,0.15%
15951,016065,建信智远先锋混合,---,---,0,,---,---,,---,---,2022-10-14,0.00%
15952,009460,安信禧悦稳健养老,---,---,0,,---,---,,---,---,2020-06-09,0.12%
15953,000064,大摩18个月定开,---,0.0090,1,,---,---,,---,---,2013-06-25,0.00%
15954,007272,景顺稳健养老目标,---,---,0,,---,---,,---,---,2019-09-26,0.12%
15951,000064,大摩18个月定开,---,0.0090,1,,---,---,,---,---,2013-06-25,0.00%
15952,007272,景顺稳健养老目标,---,---,0,,---,---,,---,---,2019-09-26,0.12%
15951,000064,大摩18个月定开,---,0.0090,1,,---,---,,---,---,2013-06-25,0.00%
15952,007272,景顺稳健养老目标,---,---,0,,---,---,,---,---,2019-09-26,0.12%
15951,000064,大摩18个月定开,---,0.0090,1,,---,---,,---,---,2013-06-25,0.00%
15952,007272,景顺稳健养老目标,---,---,0,,---,---,,---,---,2019-09-26,0.12%
15951,016065,建信智远先锋混合,---,---,0,,---,---,,---,---,2022-10-14,0.00%
15952,009460,安信禧悦稳健养老,---,---,0,,---,---,,---,---,2020-06-09,0.12%
15953,000064,大摩18个月定开,---,0.0090,1,,---,---,,---,---,2013-06-25,0.00%
15954,007272,景顺稳健养老目标,---,---,0,,---,---,,---,---,2019-09-26,0.12%
15951,000064,大摩18个月定开,---,0.0090,1,,---,---,,---,---,2013-06-25,0.00%
15952,007272,景顺稳健养老目标,---,---,0,,---,---,,---,---,2019-09-26,0.12%
15951,000064,大摩18个月定开,---,0.0090,1,,---,---,,---,---,2013-06-25,0.00%
15952,007272,景顺稳健养老目标,---,---,0,,---,---,,---,---,2019-09-26,0.12%
15951,000064,大摩18个月定开,---,0.0090,1,,---,---,,---,---,2013-06-25,0.00%
15952,007272,景顺稳健养老目标,---,---,0,,---,---,,---,---,2019-09-26,0.12%
15951,000064,大摩18个月定开,---,0.0090,1,,---,---,,---,---,2013-06-25,0.00%
15952,007272,景顺稳健养老目标,---,---,0,,---,---,,---,---,2019-09-26,0.12%
15951,000064,大摩18个月定开,---,0.0090,1,,---,---,,---,---,2013-06-25,0.00%
15952,007272,景顺稳健养老目标,---,---,0,,---,---,,---,---,2019-09-26,0.12%
15951,000064,大摩18个月定开,---,0.0090,1,,---,---,,---,---,2013-06-25,0.00%
15952,007272,景顺稳健养老目标,---,---,0,,---,---,,---,---,2019-09-26,0.12%
15951,000064,大摩18个月定开,---,0.0090,1,,---,---,,---,---,2013-06-25,0.00%
15952,007272,景顺稳健养老目标,---,---,0,,---,---,,---,---,2019-09-26,0.12%
15951,000064,大摩18个月定开,---,0.0090,1,,---,---,,---,---,2013-06-25,0.00%
15952,007272,景顺稳健养老目标,---,---,0,,---,---,,---,---,2019-09-26,0.12%
15951,000064,大摩18个月定开,---,0.0090,1,,---,---,,---,---,2013-06-25,0.00%
15952,007272,景顺稳健养老目标,---,---,0,,---,---,,---,---,2019-09-26,0.12%
